{
  "timestamp": "20251201_185148",
  "n_samples": 128,
  "us_only": {
    "cv_mae": 3.068458030550626,
    "cv_mae_std": 0.6378808175274732,
    "cv_rmse": 3.9553804911457093,
    "cv_r2": 0.5249813779957251
  },
  "calibrated": {
    "cv_mae": 3.6355502301495344,
    "cv_mae_std": 0.7531517638953464,
    "cv_rmse": 4.558731612471734,
    "cv_r2": 0.3595806668459904
  },
  "statistical_tests": {
    "t_test_p": 0.012158837492227336,
    "wilcoxon_p": 0.0027100337833300594,
    "permutation_p": 0.0111
  },
  "bootstrap": {
    "mean_diff": 0.5651020081701895,
    "ci_lower": 0.13780982033228692,
    "ci_upper": 1.010469492083052
  }
}