{
  "timestamp": "20251117_144130",
  "n_samples": 128,
  "us_only": {
    "cv_mae": 3.0700258980059245,
    "cv_mae_std": 0.6396274360556014,
    "cv_rmse": 3.9552813858494305,
    "cv_r2": 0.5249738107357969
  },
  "calibrated": {
    "cv_mae": 3.6355502301495344,
    "cv_mae_std": 0.7531517638953464,
    "cv_rmse": 4.558731612471734,
    "cv_r2": 0.3595806668459904
  },
  "statistical_tests": {
    "t_test_p": 0.01242411114177503,
    "wilcoxon_p": 0.002884161311720812,
    "permutation_p": 0.0127
  },
  "bootstrap": {
    "mean_diff": 0.5602712836135745,
    "ci_lower": 0.13770759896133122,
    "ci_upper": 0.9786790205191388
  }
}