{
  "timestamp": "20251117_144106",
  "n_samples": 128,
  "us_only": {
    "cv_mae": 3.070025898005926,
    "cv_mae_std": 0.6396274360556011,
    "cv_rmse": 3.9552813858494296,
    "cv_r2": 0.5249738107357966
  },
  "calibrated": {
    "cv_mae": 3.6355502301495344,
    "cv_mae_std": 0.7531517638953464,
    "cv_rmse": 4.558731612471734,
    "cv_r2": 0.3595806668459904
  },
  "statistical_tests": {
    "t_test_p": 0.012424111141775086,
    "wilcoxon_p": 0.002884161311720812,
    "permutation_p": 0.0128
  },
  "bootstrap": {
    "mean_diff": 0.5737633403709462,
    "ci_lower": 0.17158812339510604,
    "ci_upper": 0.9956320113325876
  }
}