{
  "timestamp": "20251117_142826",
  "n_samples": 128,
  "us_only": {
    "cv_mae": 3.070025898005926,
    "cv_mae_std": 0.6396274360556017,
    "cv_rmse": 3.955281385849431,
    "cv_r2": 0.5249738107357963
  },
  "calibrated": {
    "cv_mae": 3.6355502301495344,
    "cv_mae_std": 0.7531517638953464,
    "cv_rmse": 4.558731612471734,
    "cv_r2": 0.3595806668459904
  },
  "statistical_tests": {
    "t_test_p": 0.012424111141775086,
    "wilcoxon_p": 0.002884161311720812,
    "permutation_p": 0.0105
  },
  "bootstrap": {
    "mean_diff": 0.5751135082442563,
    "ci_lower": 0.13265869904587776,
    "ci_upper": 0.9890740092748511
  }
}