{
  "timestamp": "20251117_144142",
  "n_samples": 128,
  "us_only": {
    "cv_mae": 3.0700258980059263,
    "cv_mae_std": 0.6396274360555992,
    "cv_rmse": 3.9552813858494305,
    "cv_r2": 0.5249738107357966
  },
  "calibrated": {
    "cv_mae": 3.6355502301495344,
    "cv_mae_std": 0.7531517638953464,
    "cv_rmse": 4.558731612471734,
    "cv_r2": 0.3595806668459904
  },
  "statistical_tests": {
    "t_test_p": 0.01242411114177526,
    "wilcoxon_p": 0.002884161311720812,
    "permutation_p": 0.0118
  },
  "bootstrap": {
    "mean_diff": 0.5601872249930762,
    "ci_lower": 0.1505485424963055,
    "ci_upper": 0.9731399507113155
  }
}