{
  "timestamp": "20251117_145720",
  "n_samples": 128,
  "us_only": {
    "cv_mae": 3.070025898005919,
    "cv_mae_std": 0.6396274360556023,
    "cv_rmse": 3.955281385849426,
    "cv_r2": 0.5249738107357979
  },
  "calibrated": {
    "cv_mae": 3.6355502301495344,
    "cv_mae_std": 0.7531517638953464,
    "cv_rmse": 4.558731612471734,
    "cv_r2": 0.3595806668459904
  },
  "statistical_tests": {
    "t_test_p": 0.012424111141774167,
    "wilcoxon_p": 0.002884161311720812,
    "permutation_p": 0.0122
  },
  "bootstrap": {
    "mean_diff": 0.5510096231158991,
    "ci_lower": 0.13959476468565138,
    "ci_upper": 0.9796337384905793
  }
}