{
  "timestamp": "20251117_144056",
  "n_samples": 128,
  "us_only": {
    "cv_mae": 3.070025898005928,
    "cv_mae_std": 0.6396274360556011,
    "cv_rmse": 3.955281385849432,
    "cv_r2": 0.5249738107357962
  },
  "calibrated": {
    "cv_mae": 3.6355502301495344,
    "cv_mae_std": 0.7531517638953464,
    "cv_rmse": 4.558731612471734,
    "cv_r2": 0.3595806668459904
  },
  "statistical_tests": {
    "t_test_p": 0.012424111141775461,
    "wilcoxon_p": 0.002884161311720812,
    "permutation_p": 0.0129
  },
  "bootstrap": {
    "mean_diff": 0.5703737563482149,
    "ci_lower": 0.11171177112293025,
    "ci_upper": 1.0042482090995526
  }
}