{
  "timestamp": "20251117_144151",
  "n_samples": 128,
  "us_only": {
    "cv_mae": 3.070025898005924,
    "cv_mae_std": 0.6396274360556041,
    "cv_rmse": 3.9552813858494282,
    "cv_r2": 0.5249738107357975
  },
  "calibrated": {
    "cv_mae": 3.6355502301495344,
    "cv_mae_std": 0.7531517638953464,
    "cv_rmse": 4.558731612471734,
    "cv_r2": 0.3595806668459904
  },
  "statistical_tests": {
    "t_test_p": 0.01242411114177492,
    "wilcoxon_p": 0.002884161311720812,
    "permutation_p": 0.0117
  },
  "bootstrap": {
    "mean_diff": 0.5594769332666253,
    "ci_lower": 0.10428516833353735,
    "ci_upper": 1.0099003189127478
  }
}