{
  "timestamp": "2025-12-02T21:34:07.945853",
  "classifier": {
    "path": "/Users/seane/Documents/Github/dro/group11C/data/models/classifier_20251202_213317.joblib",
    "metrics": {
      "accuracy": 0.8811188811188811,
      "precision": 0.8474114441416893,
      "recall": 0.9628482972136223,
      "f1_score": 0.9014492753623189,
      "roc_auc": 0.9500292190433561,
      "true_negatives": 193,
      "false_positives": 56,
      "false_negatives": 12,
      "true_positives": 311
    }
  },
  "regressor": {
    "path": "/Users/seane/Documents/Github/dro/group11C/data/models/regressor_20251202_213407.joblib",
    "metrics": {
      "r2_score": 0.5858075313628133,
      "mae": 13.055019373491563,
      "mse": 336.3167152185674,
      "rmse": 18.338939860814403,
      "explained_variance": 0.5858324835804376,
      "mean_residual": 0.1423402427714744,
      "std_residual": 18.33838745565856,
      "min_residual": -73.27935,
      "max_residual": 48.559421428571426
    }
  },
  "training_info": {
    "dataset": "Kaggle Water Quality Dataset (1991-2017, non\u2011US monitoring sites)",
    "samples": 2856,
    "features": 18,
    "feature_names": [
      "year",
      "ph",
      "dissolved_oxygen",
      "temperature",
      "nitrate",
      "conductance",
      "years_since_1991",
      "decade",
      "is_1990s",
      "is_2000s",
      "is_2010s",
      "ph_deviation_from_7",
      "do_temp_ratio",
      "conductance_low",
      "conductance_medium",
      "conductance_high",
      "pollution_stress",
      "temp_stress"
    ],
    "target_classifier": "is_safe (WQI >= 70)",
    "target_regressor": "wqi_score (0-100)"
  }
}