{
  "timestamp": "2025-11-03T14:22:31.907532",
  "classifier": {
    "path": "data/models/classifier_20251103_142148.joblib",
    "metrics": {
      "accuracy": 0.9863945578231292,
      "precision": 0.9890510948905109,
      "recall": 0.9818840579710145,
      "f1_score": 0.9854545454545455,
      "roc_auc": 0.999471618357488,
      "true_negatives": 309,
      "false_positives": 3,
      "false_negatives": 5,
      "true_positives": 271
    }
  },
  "regressor": {
    "path": "data/models/regressor_20251103_142231.joblib",
    "metrics": {
      "r2_score": 0.9858518016515889,
      "mae": 1.5148441027596413,
      "mse": 12.084945819149322,
      "rmse": 3.4763408663635564,
      "explained_variance": 0.9860710269295067,
      "mean_residual": 0.4327300935926104,
      "std_residual": 3.4493028984489973,
      "min_residual": -18.10388888888889,
      "max_residual": 24.333333333333336
    }
  },
  "training_info": {
    "dataset": "Kaggle European Water Quality (1991-2017)",
    "samples": 2939,
    "features": 69,
    "target_classifier": "is_safe (WQI >= 70)",
    "target_regressor": "wqi_score (0-100)"
  }
}