{
    "timestamp": "2025-11-16T23:05:22.697161",
    "classifier": {
        "path": "data/models/classifier_20251116_230418.joblib",
        "metrics": {
            "accuracy": 0.9897959183673469,
            "precision": 0.9880952380952381,
            "recall": 0.9940119760479041,
            "f1_score": 0.991044776119403,
            "roc_auc": 0.9996286953651752,
            "true_negatives": 250,
            "false_positives": 4,
            "false_negatives": 2,
            "true_positives": 332
        }
    },
    "regressor": {
        "path": "data/models/regressor_20251116_230522.joblib",
        "metrics": {
            "r2_score": 0.9911133834056839,
            "mae": 1.0756172278911562,
            "mse": 7.381395887682437,
            "rmse": 2.7168724459721028,
            "explained_variance": 0.9911158511237469,
            "mean_residual": 0.04527399281935214,
            "std_residual": 2.7164951966194657,
            "min_residual": -17.19980000000001,
            "max_residual": 28.25
        }
    },
    "training_info": {
        "dataset": "Kaggle Water Quality Dataset (1991-2017, non-US monitoring sites)",
        "samples": 2939,
        "features": 69,
        "target_classifier": "is_safe (WQI >= 70)",
        "target_regressor": "wqi_score (0-100)"
    }
}