{
  "timestamp": "2025-12-02T15:16:19.570751",
  "classifier": {
    "path": "/Users/seane/Documents/Github/dro/group11C/data/models/classifier_20251202_151549.joblib",
    "metrics": {
      "accuracy": 0.9826689774696707,
      "precision": 0.981651376146789,
      "recall": 0.9876923076923076,
      "f1_score": 0.9846625766871165,
      "roc_auc": 0.9982173382173382,
      "true_negatives": 246,
      "false_positives": 6,
      "false_negatives": 4,
      "true_positives": 321
    }
  },
  "regressor": {
    "path": "/Users/seane/Documents/Github/dro/group11C/data/models/regressor_20251202_151619.joblib",
    "metrics": {
      "r2_score": 0.9676133186812266,
      "mae": 1.6716032441393598,
      "mse": 25.904648582718227,
      "rmse": 5.089660949682035,
      "explained_variance": 0.9676583527470476,
      "mean_residual": 0.18979125943043973,
      "std_residual": 5.08612110164141,
      "min_residual": -72.75,
      "max_residual": 22.898264285714276
    }
  },
  "training_info": {
    "dataset": "Kaggle Water Quality Dataset (1991-2017, non\u2011US monitoring sites)",
    "samples": 2939,
    "features": 69,
    "target_classifier": "is_safe (WQI >= 70)",
    "target_regressor": "wqi_score (0-100)"
  }
}