{
  "timestamp": "2025-12-03T00:08:38.187265",
  "classifier": {
    "path": "/Users/seane/Documents/Github/dro/group11C/data/models/classifier_20251203_000811.joblib",
    "metrics": {
      "accuracy": 0.9826689774696707,
      "precision": 0.981651376146789,
      "recall": 0.9876923076923076,
      "f1_score": 0.9846625766871165,
      "roc_auc": 0.9982173382173382,
      "true_negatives": 246,
      "false_positives": 6,
      "false_negatives": 4,
      "true_positives": 321,
      "brier_score": 0.014120828403119264,
      "ece": 0.03132802318289252,
      "reliability_diagram": {
        "bin_edges": [
          0.0,
          0.1,
          0.2,
          0.30000000000000004,
          0.4,
          0.5,
          0.6000000000000001,
          0.7000000000000001,
          0.8,
          0.9,
          1.0
        ],
        "mean_predicted_prob": [
          0.020243328403756745,
          0.13359926344195444,
          0.2283862813492565,
          0.3407158283253116,
          0.45,
          0.5802248846831866,
          0.6363202313780718,
          0.7532253782140548,
          0.8722723124387706,
          0.9775438415037161
        ],
        "fraction_of_positives": [
          0.0,
          0.0,
          0.2222222222222222,
          0.3333333333333333,
          0.0,
          0.6666666666666666,
          0.5,
          0.875,
          1.0,
          0.9966101694915255
        ],
        "bin_counts": [
          203,
          32,
          9,
          6,
          0,
          3,
          6,
          8,
          15,
          295
        ]
      },
      "accuracy_ci_lower": 0.9705372616984402,
      "accuracy_ci_upper": 0.9930675909878682,
      "precision_ci_lower": 0.9652969392644651,
      "precision_ci_upper": 0.9940298507462687,
      "recall_ci_lower": 0.9753067308794863,
      "recall_ci_upper": 0.9970066543470922,
      "f1_score_ci_lower": 0.9742794404945833,
      "f1_score_ci_upper": 0.9938080495356038,
      "roc_auc_ci_lower": 0.9952193501097576,
      "roc_auc_ci_upper": 0.9998287838641745
    }
  },
  "regressor": {
    "path": "/Users/seane/Documents/Github/dro/group11C/data/models/regressor_20251203_000838.joblib",
    "metrics": {
      "r2_score": 0.9676133186812266,
      "mae": 1.6716032441393598,
      "mse": 25.904648582718227,
      "rmse": 5.089660949682035,
      "explained_variance": 0.9676583527470476,
      "mean_residual": 0.18979125943043973,
      "std_residual": 5.08612110164141,
      "min_residual": -72.75,
      "max_residual": 22.898264285714276,
      "residual_normality_p": 2.555862816758541e-39,
      "residuals_normal": false,
      "heteroscedasticity_corr": -0.30009983220429864,
      "heteroscedasticity_p": 1.7928041710547986e-13,
      "heteroscedastic": true,
      "qq_plot_data": {
        "theoretical": [
          -2.3263478740408408,
          -2.055839598014272,
          -1.8837709870260146,
          -1.7542134501486861,
          -1.6487838769479288,
          -1.5590273838795121,
          -1.480319960654851,
          -1.4098436363552216,
          -1.345747882858269,
          -1.2867489137858457,
          -1.231917782620768,
          -1.180559456612439,
          -1.132139578540228,
          -1.0862379363776624,
          -1.0425177138914916,
          -1.000704488083822,
          -0.9605714753244057,
          -0.9219289131301497,
          -0.8846162554778954,
          -0.8484963287683653,
          -0.813450883344217,
          -0.7793771571920959,
          -0.7461851862161866,
          -0.7137956735552722,
          -0.6821382832748778,
          -0.651150260223996,
          -0.6207753034211582,
          -0.5909626385549314,
          -0.5616662483492821,
          -0.5328442291813845,
          -0.5044582494788248,
          -0.47647309077092964,
          -0.4488562563158956,
          -0.4215776353171568,
          -0.3946092131253155,
          -0.36792481967354806,
          -0.34149990984407474,
          -0.31531137060618986,
          -0.28933735067318783,
          -0.26355710914917696,
          -0.2379508802172142,
          -0.21249975138777796,
          -0.18718555320456476,
          -0.16199075861084838,
          -0.13689839042801627,
          -0.11189193559913846,
          -0.08695526501290123,
          -0.062072557853443046,
          -0.03722822952460605,
          -0.012406862276728745,
          0.012406862276728606,
          0.03722822952460605,
          0.062072557853443046,
          0.08695526501290109,
          0.11189193559913846,
          0.13689839042801613,
          0.16199075861084838,
          0.18718555320456462,
          0.21249975138777782,
          0.2379508802172142,
          0.26355710914917685,
          0.28933735067318783,
          0.31531137060618963,
          0.34149990984407474,
          0.36792481967354806,
          0.3946092131253153,
          0.4215776353171568,
          0.44885625631589543,
          0.47647309077092964,
          0.5044582494788247,
          0.5328442291813845,
          0.5616662483492821,
          0.5909626385549313,
          0.6207753034211582,
          0.6511502602239959,
          0.6821382832748778,
          0.7137956735552722,
          0.7461851862161863,
          0.7793771571920959,
          0.8134508833442168,
          0.8484963287683653,
          0.884616255477895,
          0.9219289131301497,
          0.9605714753244057,
          1.0007044880838216,
          1.0425177138914916,
          1.086237936377662,
          1.132139578540228,
          1.180559456612439,
          1.2319177826207683,
          1.2867489137858457,
          1.3457478828582683,
          1.4098436363552216,
          1.4803199606548507,
          1.5590273838795121,
          1.6487838769479284,
          1.7542134501486855,
          1.8837709870260138,
          2.0558395980142707,
          2.3263478740408408
        ],